Product Name,Color,Product URL,Unique Color ID,Scraped Available Sizes,Scraped Image URL,Price Before,Price After
AIDEN TWILL BLAZER,ONE_COLOR,https://thefrankieshop.com/products/aiden-twill-blazer-light-beige-black-pinstripe,O14E3O12O18,"S, M, L",https://thefrankieshop.com/cdn/shop/files/AIDEN-TWILL-BLAZER-LIGHT-BEIGE-BLACK-PINSTRIPE-ENIOLA-38361.jpg?v=1711700713&width=1380,372 USD,224 USD
KATE DENIM MINI SHORTS,ONE_COLOR,https://thefrankieshop.com/products/kate-denim-mini-shorts-white,O14E3O12O18,L,https://thefrankieshop.com/cdn/shop/files/KATE-DENIM-MINI-SHORTS-WHITE-ANIPHA-202470777.jpg?v=1717966023&width=1380,125 USD,88 USD
CHELSEA VEST,ONE_COLOR,https://thefrankieshop.com/products/chelsea-vest-white,O14E3O12O18,N/A,https://thefrankieshop.com/cdn/shop/files/CHELSEA-VEST-WHITE-ENIOLA-36477.jpg?v=1717161972&width=1380,212 USD,128 USD
AIDEN BLAZER,ONE_COLOR,https://thefrankieshop.com/products/aiden-blazer-white,O14E3O12O18,"XS, S, M, L",https://thefrankieshop.com/cdn/shop/files/AIDEN-BLAZER-WHITE-ENOLA-36423.jpg?v=1717169037&width=1380,354 USD,213 USD
PAMELA TROUSERS,ONE_COLOR,https://thefrankieshop.com/products/pamela-trousers-cornsilk,O14E3O12O18,M,https://thefrankieshop.com/cdn/shop/products/PAMELATROUSERS-CORNSILK-IMG_3009_1.jpg?v=1680688183&width=1380,165 USD,116 USD
LOULOU STUDIO RIVIDA MIXED LINEN DRESS,ONE_COLOR,https://thefrankieshop.com/products/loulou-studio-rivida-long-dress-ivory,O14E3O12O18,"XS, S, M",https://thefrankieshop.com/cdn/shop/files/LOULOU-STUDIO-RIVIDA-LONG-DRESS-IVORY-ANIPHA-68881.jpg?v=1712268683&width=1380,310 USD,217 USD
VIVIAN FLUID PLEATED BERMUDA SHORTS,ONE_COLOR,https://thefrankieshop.com/products/vivian-fluid-pleated-bermuda-shorts-beige-pinstripe,O14E3O12O18,"XS, L",https://thefrankieshop.com/cdn/shop/products/VIVIAN-FLUID-PLEATED-BERMUDA-SHORTS-BEIGE-PINSTRIPE-MAHANY-26jan-35517_1.jpg?v=1686642757&width=1380,198 USD,84 USD
LOULOU STUDIO PERAN PANTS,ONE_COLOR,https://thefrankieshop.com/products/loulou-studio-peran-pants-cream-rose,O14E3O12O18,"XS, S, M, L",https://thefrankieshop.com/cdn/shop/files/LOULOU-STUDIO-PERAN-PANTS-CREAM-ROSE-ANIPHA-68850.jpg?v=1717569909&width=1380,330 USD,231 USD
ISODORA HOT PANTS,ONE_COLOR,https://thefrankieshop.com/products/isodora-hot-pants-pink,O14E3O12O18,"S, M, L",https://thefrankieshop.com/cdn/shop/files/ISODORA-HOT-PANTS-PINK-INDRE-2250.jpg?v=1717508570&width=1380,124 USD,87 USD
ROBYN BUTTON UP ROMPER,ONE_COLOR,https://thefrankieshop.com/products/robyn-button-up-romper-beige,O14E3O12O18,"S, M, L",https://thefrankieshop.com/cdn/shop/files/ROBYN-BUTTON-UP-ROMPER-BEIGE-SANTANA-20043.jpg?v=1717569543&width=1380,195 USD,137 USD
AUSTEN BERMUDA SHORTS,ONE_COLOR,https://thefrankieshop.com/products/austen-bermuda-shorts-light-peach,O14E3O12O18,"XS, S, M",https://thefrankieshop.com/cdn/shop/files/AUSTEN-BERMUDA-SHORTS-LIGHT-PEACH-SANTANA-20551.jpg?v=1714468654&width=1380,173 USD,122 USD
BY MALENE BIRGER MAYE SHIRT,ONE_COLOR,https://thefrankieshop.com/products/by-malene-birger-maye-shirt-pink-stripe,O14E3O12O18,"34DK/2US, 36DK/4US, 38DK/6US",https://thefrankieshop.com/cdn/shop/files/BY-MALENE-BIRGER-MAYE-SHIRT-PINK-STRIPE-ANIPHA-BRAND.jpg?v=1717506738&width=1380,280 USD,196 USD
BY MALENE BIRGER PERROS DRESS,ONE_COLOR,https://thefrankieshop.com/products/by-malene-birger-perros-dress-pink-stripe,O14E3O12O18,"36DK/4US, 38DK/6US, 40DK/8US",https://thefrankieshop.com/cdn/shop/files/BY-MALENE-BIRGER-PERROS-DRESS-PINK-STRIPE-BRAND-02.jpg?v=1714724579&width=1380,380 USD,266 USD
VIVIAN FLUID PLEATED BERMUDA SHORTS,ONE_COLOR,https://thefrankieshop.com/products/vivian-fluid-pleated-bermuda-shorts-pink-pinstripe,O14E3O12O18,S,https://thefrankieshop.com/cdn/shop/products/VIVIAN-FLUID-PLEATED-BERMUDA-SHORTS-PINK-PINSTRIPE-MAHANY-35537.jpg?v=1681983742&width=1380,198 USD,98 USD
SAMSØE SAMSØE JULIA SHORTS,ONE_COLOR,https://thefrankieshop.com/products/samsoe-samsoe-julia-shorts-coral-cloud,O14E3O12O18,S,https://thefrankieshop.com/cdn/shop/files/SAMSOE-JULIA-SHORTS-5128.jpg?v=1682584663&width=1380,135 USD,95 USD
LUI WIDE STRIPE SHIRT,ONE_COLOR,https://thefrankieshop.com/products/lui-wide-stripe-shirt-pink,O14E3O12O18,"XS, M",https://thefrankieshop.com/cdn/shop/files/LUI-WIDE-STRIPES-SHIRT-PINK-MONICA-9juin-1827_1.jpg?v=1686926233&width=1380,155 USD,80 USD
CECILIA KNITTED MINI SHORTS,ONE_COLOR,https://thefrankieshop.com/products/cecilia-knitted-mini-shorts-pink,O14E3O12O18,"XS/S, M/L",https://thefrankieshop.com/cdn/shop/files/CECILIA-KNITTED-MINI-SHORTS-PINK-MARY-2706.jpg?v=1717569502&width=1380,115 USD,81 USD
CECILIA KNITTED MINI SHORTS,ONE_COLOR,https://thefrankieshop.com/products/cecilia-knitted-mini-shorts-ivory,O14E3O12O18,M/L,https://thefrankieshop.com/cdn/shop/files/CECILIA-KNIT-SHORTS-IVORY-MARY-2715.jpg?v=1717507313&width=1380,115 USD,81 USD
EMY BLAZER,ONE_COLOR,https://thefrankieshop.com/products/emy-blazer-beige,O14E3O12O18,XS/S,https://thefrankieshop.com/cdn/shop/files/EMY-BLAZER-BEIGE-ANIPHA-202469154.jpg?v=1715077037&width=1380,310 USD,217 USD
MAYLIS TROUSERS,ONE_COLOR,https://thefrankieshop.com/products/maylis-trousers-ivory,O14E3O12O18,"S, M, L, XL",https://thefrankieshop.com/cdn/shop/files/MAYLIS-TROUSERS-IVORY-PASHA-202473078.jpg?v=1715524690&width=1380,227 USD,159 USD
SASHA WIDE LEG JEANS,ONE_COLOR,https://thefrankieshop.com/products/sasha-wide-leg-jeans-cream-black-stripe,O14E3O12O18,"S, M, L",https://thefrankieshop.com/cdn/shop/files/SASHA-WIDE-LEG-JEANS-CREAM-BLACK-STRIPE-ENIOLA-38165.jpg?v=1712047664&width=1380,199 USD,140 USD
SAMSØE SAMSØE AGNETA TROUSERS,ONE_COLOR,https://thefrankieshop.com/products/samsoe-samsoe-agneta-trousers-solitary-st,O14E3O12O18,"XXS, M, L",https://thefrankieshop.com/cdn/shop/files/SAMSOE-SAMSOE-AGNETA-TROUSERS-SOLITARY-ST-PASHA-202472952.jpg?v=1717570111&width=1380,185 USD,130 USD
REMAIN WIDE SUITING PANTS,ONE_COLOR,https://thefrankieshop.com/products/remain-wide-suiting-pants-egret-comb,O14E3O12O18,"36DK/4US, 38DK/6US",https://thefrankieshop.com/cdn/shop/files/REMAIN-WIDE-SUITING-PANTS-EGRET-COMB-ANIPHA-202470828.jpg?v=1716758474&width=1380,330 USD,231 USD
TEAGUE CROPPED SWEATER,ONE_COLOR,https://thefrankieshop.com/products/teague-cropped-sweater-white,O14E3O12O18,"XS/S, M/L",https://thefrankieshop.com/cdn/shop/files/TEAGUE-CROPPED-SWEATER-WHITE-ANIPHA-202470832.jpg?v=1715524364&width=1380,115 USD,81 USD
LOULOU STUDIO IDAI PANTS,ONE_COLOR,https://thefrankieshop.com/products/loulou-studio-idai-pants-frost-ivory,O14E3O12O18,"XS, S, L",https://thefrankieshop.com/cdn/shop/files/LOULOU-STUDIO-IDAI-PANTS-FROST-IVORY-ALIANE-54797.jpg?v=1712141913&width=1380,330 USD,231 USD
LOULOU STUDIO IBA VEST,ONE_COLOR,https://thefrankieshop.com/products/loulou-studio-iba-vest-frost-ivory,O14E3O12O18,"XS, S",https://thefrankieshop.com/cdn/shop/files/LOULOU-STUDIO-IBA-VEST-FROST-IVORY-ALIANE-54809.jpg?v=1712141877&width=1380,245 USD,172 USD
BEVZA ANKLE LENGTH SKIRT,ONE_COLOR,https://thefrankieshop.com/products/bevza-ankle-length-skirt-ivory,O14E3O12O18,"XS, M",https://thefrankieshop.com/cdn/shop/files/BEVZA-ANKLE-LENGTH-SKIRT-IVORY-SANTANA-21063.jpg?v=1696350474&width=1380,420 USD,294 USD
SOLANGE KNIT PENCIL SKIRT,ONE_COLOR,https://thefrankieshop.com/products/solange-knit-pencil-skirt-mastic,O14E3O12O18,M,https://thefrankieshop.com/cdn/shop/files/SOLANGE-KNIT-PENCIL-SKIRT-WHITE-MARGARITA-60176.jpg?v=1709678217&width=1380,199 USD,140 USD
ELODIE BUTTON UP SHIRT,ONE_COLOR,https://thefrankieshop.com/products/elodie-button-up-shirt-mint,O14E3O12O18,"XS/S, M/L",https://thefrankieshop.com/cdn/shop/files/ELODIE-BUTTON-UP-SHIRT-MINT-NATY-1281.jpg?v=1715525445&width=1380,129 USD,91 USD
ANNA OCTOBER HELGA DRESS,ONE_COLOR,https://thefrankieshop.com/products/anna-october-helga-dress-mint,O14E3O12O18,"S, M",https://thefrankieshop.com/cdn/shop/files/ANNA-OCTOBER-HELGA-DRESS-MINT-PASHA-202472413.jpg?v=1712137938&width=1380,825 USD,578 USD
REMAIN WIDE PANTS WITH PLEATS,ONE_COLOR,https://thefrankieshop.com/products/remain-wide-pants-with-pleats-egret,O14E3O12O18,"34DK/2US, 36DK/4US, 38DK/6US, 40DK/8US",https://thefrankieshop.com/cdn/shop/files/REMAIN-WIDE-PANTS-WITH-PLEATS-EGRET-MANYA-42661.jpg?v=1711464546&width=1380,270 USD,230 USD
PROENZA SCHOULER WHITE LABEL SASHA DRESS,ONE_COLOR,https://thefrankieshop.com/products/proenza-schouler-white-label-sasha-dress-off-white,O14E3O12O18,4US,https://thefrankieshop.com/cdn/shop/files/PROENZA-SCHOULER-WHITE-LABEL-SASHA-DRESS-IN-SOLID-CRINKLE-COTTON-OFF-WHITE-PASHA-71778.jpg?v=1717140488&width=1380,550 USD,385 USD
ROTATE PRINTED MINI RUFFLE DRESS,ONE_COLOR,https://thefrankieshop.com/products/rotate-printed-mini-ruffle-dress-happy-hearts-bright-white-comb,O14E3O12O18,"36DK/4US, 40DK/8US",https://thefrankieshop.com/cdn/shop/files/ROTATE-PRINTED-MINI-RUFFLE-DRESS-HAPPY-HEARTS-BRIGHT-WHITE-COMB-ANIPHA-68948.jpg?v=1715692278&width=1380,260 USD,182 USD
RHYS PLEATED TROUSERS,ONE_COLOR,https://thefrankieshop.com/products/rhys-pleated-trousers-white,O14E3O12O18,"S, M, L",https://thefrankieshop.com/cdn/shop/files/RHYS-PLEATED-TROUSERS-WHITE-SANTANA-21061.jpg?v=1716977444&width=1380,189 USD,133 USD
MATIN PIPING SHORTS,ONE_COLOR,https://thefrankieshop.com/products/matin-piping-shorts-natural,O14E3O12O18,"6AU/2US, 8AU/4US",https://thefrankieshop.com/cdn/shop/files/MATIN-Piping-Shorts-Natural-brand1.jpg?v=1685608292&width=1380,468 USD,328 USD
MATIN PIPING DRAWSTRING PANT,ONE_COLOR,https://thefrankieshop.com/products/matin-piping-drawstring-pant-natural,O14E3O12O18,6AU/2US,https://thefrankieshop.com/cdn/shop/files/MATIN-Piping-Drawstring-Pant-Natural-LOANE-12mai-15586_4.jpg?v=1718111709&width=1380,755 USD,363 USD
MATIN SUPERSIZED SHIRT,ONE_COLOR,https://thefrankieshop.com/products/matin-supersized-shirt-natural,O14E3O12O18,6AU/2US,https://thefrankieshop.com/cdn/shop/files/MATIN-Supersized-Shirt-Natural-LOANE-15672.jpg?v=1685608309&width=1380,755 USD,378 USD
LOULOU STUDIO VIONE PANTS,ONE_COLOR,https://thefrankieshop.com/products/loulou-studio-vione-pants-soft-vanilla,O14E3O12O18,"S, M",https://thefrankieshop.com/cdn/shop/files/LOULOU-STUDIO-VIONE-PANTS-SOFT-VANILLA-MARGARITA-61858.jpg?v=1712268623&width=1380,390 USD,273 USD
LOULOU STUDIO TUGA SATIN T-SHIRT DRESS,ONE_COLOR,https://thefrankieshop.com/products/loulou-studio-tuga-satin-t-shirt-dress-soft-vanilla,O14E3O12O18,"XS, S, L",https://thefrankieshop.com/cdn/shop/files/LOULOU-STUDIO-TUGA-LONG-DRESS-SOFT-VANILLA-MARGARITA-60088.jpg?v=1712269936&width=1380,420 USD,294 USD
LOULOU STUDIO ADELA DRESS,ONE_COLOR,https://thefrankieshop.com/products/loulou-studio-adela-dress-soft-vanilla,O14E3O12O18,"XS, S",https://thefrankieshop.com/cdn/shop/files/LOULOU-STUDIO-ADELA-DRESS-SOFT-VANILLA-MARTYNA-66314.jpg?v=1712236240&width=1380,420 USD,294 USD
MATTEAU SATIN SHIRT,ONE_COLOR,https://thefrankieshop.com/products/matteau-satin-shirt-ivory,O14E3O12O18,"1AU/2US, 2AU/4US, 3AU/6US",https://thefrankieshop.com/cdn/shop/files/MATTEAU-SATIN-SHIRT-IVORY-ALIANE-54587.jpg?v=1718112301&width=1380,420 USD,294 USD
MATTEAU RELAXED SATIN PANT,ONE_COLOR,https://thefrankieshop.com/products/matteau-relaxed-satin-pant-ivory,O14E3O12O18,2AU/4US,https://thefrankieshop.com/cdn/shop/files/MATTEAU-RELAXED-SATIN-PANT-IVORY-ALIANE-54579.jpg?v=1704798459&width=1380,420 USD,294 USD
BY MALENE BIRGER MAYE SHIRT,ONE_COLOR,https://thefrankieshop.com/products/by-malene-birger-maye-shirt-pure-white,O14E3O12O18,"34DK/2US, 36DK/4US, 38DK/6US",https://thefrankieshop.com/cdn/shop/files/BY-MALENE-BIRGER-MAYE-SHIRT-PURE-WHITE-BRAND.jpg?v=1715690786&width=1380,280 USD,196 USD
THE GARMENT LINO SHORTS,ONE_COLOR,https://thefrankieshop.com/products/the-garment-lino-shorts-linen,O14E3O12O18,"6UK/XS, 8UK/S, 10UK/M",https://thefrankieshop.com/cdn/shop/files/THE-GARMENT-LINO-SHORT-LINEN-ANIPHA-202470354.jpg?v=1720104252&width=1380,295 USD,207 USD
THE GARMENT LINO WIDE LEG TROUSERS,ONE_COLOR,https://thefrankieshop.com/products/the-garment-lino-wide-leg-trousers-linen,O14E3O12O18,"6UK/XS, 10UK/M",https://thefrankieshop.com/cdn/shop/files/THE-GARMENT-LINO-WIDE-LINEN-ANIPHA-202470234.jpg?v=1716964068&width=1380,395 USD,277 USD
AIDEN BLAZER,ONE_COLOR,https://thefrankieshop.com/products/aiden-blazer-beige,O14E3O12O18,"S, M",https://thefrankieshop.com/cdn/shop/files/AIDEN-BLAZER-BEIGE-LIWEN-499.jpg?v=1720110041&width=1380,354 USD,213 USD
THE GARMENT EGYPT BRA TOP,ONE_COLOR,https://thefrankieshop.com/products/the-garment-egypt-bra-top-bone,O14E3O12O18,"8UK/S, 10UK/M",https://thefrankieshop.com/cdn/shop/files/THE-GARMENT-EGYPT-BRA-TOP-BONE-ANIPHA-202470228.jpg?v=1716964671&width=1380,175 USD,123 USD
CALISTA WRAP SKIRT,ONE_COLOR,https://thefrankieshop.com/products/calista-wrap-skirt-beige,O14E3O12O18,"M, L, XL",https://thefrankieshop.com/cdn/shop/files/CALISTA-WRAP-SKIRT-BEIGE-INDRE-2899.jpg?v=1716757528&width=1380,167 USD,117 USD
BEAUFILLE ULLA TROUSERS,ONE_COLOR,https://thefrankieshop.com/products/beaufille-ulla-trousers-parchment,O14E3O12O18,S,https://cdn.shopify.com/s/files/1/1527/0993/files/BEAUFILLE-ULLA-TROUSERS-PARCHMENT-Aleyna-SHOT16_1070.jpg?v=1683737322&width=1380,465 USD,326 USD
THE GARMENT EGYPT LONG DRESS,ONE_COLOR,https://thefrankieshop.com/products/the-garment-egypt-long-dress-toast,O14E3O12O18,"6UK/XS, 8UK/S, 10UK/M",https://cdn.shopify.com/s/files/1/1527/0993/products/the-garment-egypt-long-dress-toast-dress-the-garment-385358.jpg?v=1718362933&width=1380,602 USD,217 USD
THE GARMENT TANZANIA TEE,ONE_COLOR,https://thefrankieshop.com/products/the-garment-tanzania-tee-cream,O14E3O12O18,"8UK/S, 10UK/M",https://cdn.shopify.com/s/files/1/1527/0993/files/THE-GARMENT-TANZANIA-TEE-CREAM-BRAND.jpg?v=1716386358&width=1380,195 USD,137 USD
MATTEAU SUMMER CHINO,ONE_COLOR,https://thefrankieshop.com/products/matteau-summer-chino-sand,O14E3O12O18,"2AU/4US, 3AU/6US",https://cdn.shopify.com/s/files/1/1527/0993/files/MATTEAU-SUMMER-CHINO-SAND-1300_1440x_f74a5ea5-cd7b-4855-84c2-2e531a61b4d6.jpg?v=1689770243&width=1380,540 USD,303 USD
SOLAQUA THE AMELIE SHIRT,ONE_COLOR,https://thefrankieshop.com/products/solaqua-the-amelie-shirt-ivory,O14E3O12O18,M,https://cdn.shopify.com/s/files/1/1527/0993/files/SOLAQUA-THE-AMELIE-SHIRT-IVORY-EDITO-S-16.jpg?v=1711447934&width=1380,201 USD,141 USD
SOLAQUA THE GIULIA PANTS,ONE_COLOR,https://thefrankieshop.com/products/solaqua-the-giulia-pants-classico-stripe,O14E3O12O18,"S, M",https://cdn.shopify.com/s/files/1/1527/0993/files/SOLAQUA-THE-GIULIA-PANTS-CLASSICO-STRIPE-EDITO-S-36.jpg?v=1711448649&width=1380,234 USD,164 USD
GIA BORGHINI ROSIE 41 FLAT SANDALS,ONE_COLOR,https://thefrankieshop.com/products/gia-borghini-rosie-41-flat-sandals-black-chocolate-beige,O14E3O12O18,"36 EU, 37 EU, 38 EU, 39 EU, 40 EU",https://cdn.shopify.com/s/files/1/1527/0993/files/ROSIE41-BLACK-CHOCOLATE-5048-PACKSHOT-SIDE.jpg?v=1687471005&width=1380,625 USD,300 USD
SOLAQUA THE BEAU SHORTS,ONE_COLOR,https://thefrankieshop.com/products/solaqua-the-beau-shorts-ivory,O14E3O12O18,"S, M",https://cdn.shopify.com/s/files/1/1527/0993/files/SOLAQUA-THE-BEAU-SHORT-IVORY-BRAND-28_006.jpg?v=1711361641&width=1380,120 USD,84 USD
SOLAQUA THE BEAU SHORTS,ONE_COLOR,https://thefrankieshop.com/products/solaqua-the-beau-shorts-classico-stripe,O14E3O12O18,"S, L",https://cdn.shopify.com/s/files/1/1527/0993/files/SOLAQUA-THE-BEAU-SHORT-CLASSICO-STRIPE-BRAND-05.jpg?v=1711446044&width=1380,167 USD,117 USD
SOLAQUA THE JULIETTE BRALETTE,ONE_COLOR,https://thefrankieshop.com/products/solaqua-the-juliette-bralette-noir,O14E3O12O18,"XS, S",https://cdn.shopify.com/s/files/1/1527/0993/files/SOLAQUA-THE-JULIETTE-BRALETTE-NOIR-EDITO.jpg?v=1711448927&width=1380,80 USD,56 USD
MATTEAU NINETIES MAILLOT SWIMSUIT,ONE_COLOR,https://thefrankieshop.com/products/matteau-nineties-maillot-swimsuit-navy-crinkle,O14E3O12O18,"1AU/2US, 2AU/4US, 3AU/6US",https://cdn.shopify.com/s/files/1/1527/0993/files/Matteau-Nineties-Maillot-NavyCrinkle-23076-D2-0531.jpg?v=1689929438&width=1380,320 USD,224 USD
ILIO SMERALDO PRITIKA 01 LACE UP SANDAL,ONE_COLOR,https://thefrankieshop.com/products/ilio-smeraldo-pritika-01-lace-up-sandal-black,O14E3O12O18,"36 EU, 38 EU, 39 EU, 40 EU",https://cdn.shopify.com/s/files/1/1527/0993/files/ILIO-SMERALDO-PRITIKA01-LACE-UP-SANDAL-BLACK-CHARLOTTE1.jpg?v=1683134229&width=1380,655 USD,296 USD
SOLAQUA THE HAVANA SHIRT,ONE_COLOR,https://thefrankieshop.com/products/solaqua-the-havana-shirt-noir,O14E3O12O18,S,https://cdn.shopify.com/s/files/1/1527/0993/files/SOLAQUA-THE-HAVANA-SHIRT-NOIR-BRAND-025.jpg?v=1711448828&width=1380,147 USD,103 USD
SOLAQUA THE CHLOE DRESS,ONE_COLOR,https://thefrankieshop.com/products/solaqua-the-chloe-dress-noir,O14E3O12O18,S,https://cdn.shopify.com/s/files/1/1527/0993/files/SOLAQUA-THE-CHLOE-DRESS-NOIR-BRAND-25.jpg?v=1710263513&width=1380,235 USD,165 USD
SOLAQUA THE INES KAFTAN,ONE_COLOR,https://thefrankieshop.com/products/solaqua-the-ines-kaftan-noir,O14E3O12O18,S,https://cdn.shopify.com/s/files/1/1527/0993/files/SOLAQUA-THE-INES-KAFTAN-NOIR-BRAND-016.jpg?v=1710317307&width=1380,242 USD,170 USD
LOULOU STUDIO MORENE LONG DRESS,ONE_COLOR,https://thefrankieshop.com/products/loulou-studio-morene-long-dress-black,O14E3O12O18,"XS, S, M, L",https://cdn.shopify.com/s/files/1/1527/0993/files/LOULOU-STUDIO-MORENE-LONG-DRESS-BLACK-MARGARITA-60137.jpg?v=1710267128&width=1380,420 USD,294 USD
ROTATE CHIFFON STRAPLESS DRESS,ONE_COLOR,https://thefrankieshop.com/products/rotate-chiffon-strapless-dress-black,O14E3O12O18,"36DK/4US, 38DK/6US",https://cdn.shopify.com/s/files/1/1527/0993/files/ROTATE-CHIFFON-STRAPLESS-DRESS-BLACK-PASHA-202471661.jpg?v=1715693118&width=1380,330 USD,231 USD
PROENZA SCHOULER WHITE LABEL BEATRICE DRESS,ONE_COLOR,https://thefrankieshop.com/products/proenza-schouler-white-label-beatrice-dress-black,O14E3O12O18,"S, M",https://cdn.shopify.com/s/files/1/1527/0993/files/PROENZA-SCHOULER-WHITE-LABEL-BEATRICE-DRESS-IN-SOLID-JERSEY-BLACK-PASHA-202471770_fef81c26-56ce-47c6-96fd-06e2357838a9.jpg?v=1717140462&width=1380,495 USD,347 USD
ROTATE CHIFFON MAXI WIDE DRESS,ONE_COLOR,https://thefrankieshop.com/products/rotate-chiffon-maxi-wide-dress-black,O14E3O12O18,"36DK/4US, 38DK/6US",https://cdn.shopify.com/s/files/1/1527/0993/files/ROTATE-CHIFFON-MAXI-WIDE-DRESS-BLACK-PASHA-202472391_26676d58-cb46-4e72-b214-0531ccf2d24c.jpg?v=1717063281&width=1380,510 USD,357 USD
SOLANGE KNIT PENCIL SKIRT,ONE_COLOR,https://thefrankieshop.com/products/solange-knit-pencil-skirt-black,O14E3O12O18,"S, M, L",https://cdn.shopify.com/s/files/1/1527/0993/files/SOLANGE-KNIT-PENCIL-SKIRT-BLACK-LETA-202458656.jpg?v=1713195246&width=1380,199 USD,140 USD
CHRISSIE FAUX LEATHER SHIRT,ONE_COLOR,https://thefrankieshop.com/products/chrissie-faux-leather-shirt-black,O14E3O12O18,"XS, S, M, L",https://cdn.shopify.com/s/files/1/1527/0993/files/CHRISSIE-FAUX-LEATHER-SHIRT-BLACK-MARIE-18031.jpg?v=1707755480&width=1380,371 USD,223 USD
LOULOU STUDIO SULUE SLINGBACK KITTEN HEEL SHOES,ONE_COLOR,https://thefrankieshop.com/products/loulou-studio-sulue-slingback-kitten-heel-shoes-black,O14E3O12O18,"37EU, 38EU, 39EU",https://cdn.shopify.com/s/files/1/1527/0993/files/LOULOU-STUDIO-SULUE-SLINGBACK-KITTEN-HEEL-SHOES-BLACK-PACKSHOT.jpg?v=1704709668&width=1380,530 USD,371 USD
PAIGE WRAP SKORT,ONE_COLOR,https://thefrankieshop.com/products/paige-wrap-skort-black,O14E3O12O18,"XS, S, M",https://cdn.shopify.com/s/files/1/1527/0993/files/PAIGE-WRAP-SHORTS-BLACK-Evgenia-31mars6378.jpg?v=1689773904&width=1380,132 USD,93 USD
SPORTMAX FRIZZO SCUBA JACKET,ONE_COLOR,https://thefrankieshop.com/products/sportmax-frizzo-scuba-jacket-dark-brown,O14E3O12O18,"S, M",https://cdn.shopify.com/s/files/1/1527/0993/files/SPORTMAX-FRIZZO-JACKET-DARK-BROWN-MARTYNA-65782.jpg?v=1710847574&width=1380,1190 USD,952 USD
SPORTMAX GUELFO DRESS,ONE_COLOR,https://thefrankieshop.com/products/sportmax-guelfo-dress-dark-brown,O14E3O12O18,"2US/34EU, 4US/36EU",https://cdn.shopify.com/s/files/1/1527/0993/files/SPORTMAX-GUELFO-DRESS-DARK-BROWN-INDRE-0039.jpg?v=1709055580&width=1380,1165 USD,816 USD
REESE LEATHER LOAFERS,ONE_COLOR,https://thefrankieshop.com/products/reese-leather-loafers-brown,O14E3O12O18,"38EU, 39EU",https://cdn.shopify.com/s/files/1/1527/0993/files/REESE-LEATHER-LOAFERS-BROWN-6422-PACKSHOT-4.jpg?v=1700126347&width=1380,445 USD,250 USD
LOULOU STUDIO TUGA SATIN T-SHIRT DRESS,ONE_COLOR,https://thefrankieshop.com/products/loulou-studio-tuga-satin-t-shirt-dress-midnight-bordeaux,O14E3O12O18,"XS, S",https://cdn.shopify.com/s/files/1/1527/0993/files/LOULOU-STUDIO-TUGA-LONG-DRESS-MIDNIGHT-BORDEAUX-LETA-58833.jpg?v=1708946442&width=1380,420 USD,294 USD
LOULOU STUDIO MARTIAL OFF SHOULDER DRESS,ONE_COLOR,https://thefrankieshop.com/products/loulou-studio-martial-off-shoulder-dress-midnight-bordeaux,O14E3O12O18,"XS, S",https://cdn.shopify.com/s/files/1/1527/0993/files/LOULOU-STUDIO-MARTIAL-OFF-SHOULDER-DRESS-MIDNIGHT-BORDEAUX-MARTYNA-66209.jpg?v=1710713479&width=1380,180 USD,126 USD
LEO SATIN TIE,ONE_COLOR,https://thefrankieshop.com/products/leo-satin-tie-burgundy,O14E3O12O18,ONE SIZE,https://cdn.shopify.com/s/files/1/1527/0993/files/LEO-SATIN-TIE-BURGUNDY-IREEN-1708-DETAIL.jpg?v=1701943952&width=1380,57 USD,35 USD
LOULOU STUDIO MORENE LONG DRESS,ONE_COLOR,https://thefrankieshop.com/products/loulou-studio-morene-long-dress-midnight-bordeaux,O14E3O12O18,"XS, S, M, L",https://cdn.shopify.com/s/files/1/1527/0993/files/LOULOU-STUDIO-MORENE-LONG-DRESS-MIDNIGHT-BORDEAUX-MARGARITA-60112.jpg?v=1708946153&width=1380,420 USD,294 USD
LOULOU STUDIO SULUE SLINGBACK KITTEN HEEL SHOES,ONE_COLOR,https://thefrankieshop.com/products/loulou-studio-sulue-slingback-kitten-heel-shoes-midnight-bordeaux,O14E3O12O18,38EU,https://cdn.shopify.com/s/files/1/1527/0993/files/LOULOU-STUDIO-ALEGRINA-SATIN-HOBO-BAG-MIDNIGHT-BORDEAUX-PACKSHOT-02.jpg?v=1708366802&width=1380,530 USD,371 USD
LIZ SHORTS,ONE_COLOR,https://thefrankieshop.com/products/liz-shorts-brown,O14E3O12O18,"XS/S, M/L",https://cdn.shopify.com/s/files/1/1527/0993/files/LIZ-GYM-SHORTS-BROWN-INDRE-3151.jpg?v=1719848821&width=1380,93 USD,66 USD
COPERNI CROCO CROSSBODY MINI SWIPE BAG,ONE_COLOR,https://thefrankieshop.com/products/coperni-croco-crossbody-mini-swipe-bag-brown,O14E3O12O18,ONE SIZE,https://cdn.shopify.com/s/files/1/1527/0993/files/COPERNI-CROCO-CROSSBODY-MINI-SWIPE-BAG-BROWN-BRAND-3.jpg?v=1720429919&width=1380,870 USD,609 USD
BY MALENE BIRGER DORITE WIDE-LEG TROUSERS,ONE_COLOR,https://thefrankieshop.com/products/by-malene-birger-dorite-wide-leg-trousers-tobacco-brown,O14E3O12O18,"34DK/2US, 36DK/4US, 38DK/6US, 40DK/8US",https://cdn.shopify.com/s/files/1/1527/0993/files/BY-MALENE-BIRGER-DORITE-PANTS-TOBACCO-BROWN-ANIPHA-202470425.jpg?v=1711474984&width=1380,430 USD,301 USD
CHRISTOPHER ESBER FRAMED BUCKLE WRAP SHIRT DRESS,ONE_COLOR,https://thefrankieshop.com/products/christopher-esber-framed-buckle-wrap-shirt-dress-cacao,O14E3O12O18,"8AU/S, 10AU/M",https://cdn.shopify.com/s/files/1/1527/0993/files/CHRISTOPHER-ESBER-FRAMED-BUCKLE-WRAP-SHIRT-DRESS-CACAO-BRAND-04.jpg?v=1703665345&width=1380,895 USD,448 USD
CHRISTOPHER ESBER FRAMED BUCKLE COLUMN SKIRT,ONE_COLOR,https://thefrankieshop.com/products/christopher-esber-framed-buckle-column-skirt-cacao,O14E3O12O18,10AU/M,https://cdn.shopify.com/s/files/1/1527/0993/files/CHRISTOPHER-ESBER-FRAMEDBUCKLE-COLUMN-SKIRT-CACAO-BRAND-03.jpg?v=1703245230&width=1380,595 USD,298 USD
CHRISTOPHER ESBER FRAMED BUCKLE MICRO SKIRT,ONE_COLOR,https://thefrankieshop.com/products/christopher-esber-framed-buckle-micro-skirt-cacao,O14E3O12O18,"8AU/S, 10AU/M",https://cdn.shopify.com/s/files/1/1527/0993/files/CHRISTOPHER-ESBER-FRAMED-BUCKLE-MICRO-SKIRT-CACAO-BRAND-DETAIL.jpg?v=1703665482&width=1380,395 USD,198 USD
CHRISTOPHER ESBER FRAMED BUCKLE SHOULDER TOP,ONE_COLOR,https://thefrankieshop.com/products/christopher-esber-framed-buckle-shoulder-top-cacao,O14E3O12O18,10AU/M,https://cdn.shopify.com/s/files/1/1527/0993/files/CHRISTOPHER-ESBER-FRAMED-BUCKLE-SHOULDER-TOP-CACAO-BRAND-02.jpg?v=1703665315&width=1380,445 USD,312 USD
BEAUFILLE TWIST SWEATER,ONE_COLOR,https://thefrankieshop.com/products/beaufille-twist-sweater-espresso,O14E3O12O18,S,https://cdn.shopify.com/s/files/1/1527/0993/files/BEAUFILLE-TWIST-BLOUSE-ESPRESSO-HELENA-49571.jpg?v=1702303590&width=1380,400 USD,200 USD
BEAUFILLE MAIA SKIRT,ONE_COLOR,https://thefrankieshop.com/products/beaufille-maia-skirt-espresso,O14E3O12O18,"S, M",https://cdn.shopify.com/s/files/1/1527/0993/files/BEAUFILLE-MAIA-MIDI-SKIRT-ESPRESSO-HELENA-49444.jpg?v=1702302171&width=1380,400 USD,200 USD
NANUSHKA TALISSA KNITTED CROCHET SHIRT,ONE_COLOR,https://thefrankieshop.com/products/nanushka-talissa-knitted-crochet-shirt-coffee-bean,O14E3O12O18,"XS, S",https://cdn.shopify.com/s/files/1/1527/0993/products/NANUSHKA-TALISSA-COFFEE-BEAN-TOP-ANIA-41518.jpg?v=1682200715&width=1380,545 USD,219 USD
NANUSHKA JAEL KNITTED CROCHET SHORTS,ONE_COLOR,https://thefrankieshop.com/products/nanushka-jael-knitted-crochet-shorts-coffee-bean,O14E3O12O18,"XS, S, M",https://cdn.shopify.com/s/files/1/1527/0993/products/NANUSHKA-JAEL-COFFEE-BEAN-SHORTS-ANIA-41528.jpg?v=1682200704&width=1380,445 USD,179 USD
AERON SILVER BODYSUIT,ONE_COLOR,https://thefrankieshop.com/products/aeron-silver-bodysuit-dark-chocolate,O14E3O12O18,"XS, M",https://cdn.shopify.com/s/files/1/1527/0993/products/aeron-silver-bodysuit-dark-chocolate-top-aeron-972373.jpg?v=1686926279&width=1380,385 USD,155 USD
MATTEAU TRES PETITE BRIEF,ONE_COLOR,https://thefrankieshop.com/products/matteau-tres-petite-brief-carob,O14E3O12O18,"1AU/2US, 2AU/4US, 3AU/6US, 4AU/8US",https://cdn.shopify.com/s/files/1/1527/0993/products/matteau-tres-petite-brief-carob-swimsuit-matteau-936928.jpg?v=1672243204&width=1380,145 USD,84 USD
AEXAE WRAP TIE SWIM TOP,ONE_COLOR,https://thefrankieshop.com/products/aexae-wrap-tie-swim-top-brown,O14E3O12O18,L,https://cdn.shopify.com/s/files/1/1527/0993/products/aexae-wrap-tie-swim-top-brown-swimsuit-aexae-582457.jpg?v=1653094046&width=1380,135 USD,65 USD
MATTEAU NINETIES HIGH WAIST BIKINI BRIEF,ONE_COLOR,https://thefrankieshop.com/products/matteau-nineties-high-waist-bikini-brief-carob,O14E3O12O18,"1AU/2US, 2AU/4US",https://cdn.shopify.com/s/files/1/1527/0993/products/matteau-nineties-high-waist-bikini-brief-carob-swimsuit-matteau-298799.jpg?v=1656020590&width=1380,145 USD,82 USD
MATTEAU LONG SLEEVE SILK SHIRT,ONE_COLOR,https://thefrankieshop.com/products/matteau-long-sleeve-silk-shirt-sable,O14E3O12O18,3AU/6US,https://cdn.shopify.com/s/files/1/1527/0993/files/MATTEAU-LONG-SLEEVE-SILK-SHIRT-SABLE-23226-1189.jpg?v=1713345667&width=1380,480 USD,231 USD
MATTEAU BIAS ELASTIC SKIRT,ONE_COLOR,https://thefrankieshop.com/products/matteau-bias-elastic-skirt-sable,O14E3O12O18,"1AU/2US, 2AU/4US",https://cdn.shopify.com/s/files/1/1527/0993/files/MATTEAU-BIAS-ELASTIC-SKIRT-SABLE-ZOE-ZOE-9499.jpg?v=1690908331&width=1380,480 USD,336 USD
LEO SATIN TIE,ONE_COLOR,https://thefrankieshop.com/products/leo-satin-tie-brown,O14E3O12O18,ONE SIZE,https://cdn.shopify.com/s/files/1/1527/0993/files/LEO-SATIN-TIE-BROWN-6742-PACKSHOT.jpg?v=1702638743&width=1380,57 USD,35 USD
AMOMENTO SHIRRING LONG DRESS,ONE_COLOR,https://thefrankieshop.com/products/amomento-shirring-long-dress-black,O14E3O12O18,0/XS,https://cdn.shopify.com/s/files/1/1527/0993/files/AMOMENTO-SHIRRING-LONG-DRESS-BLACK-BRAND-01.jpg?v=1703012145&width=1380,195 USD,137 USD
LOULOU STUDIO MARTIAL OFF SHOULDER DRESS,ONE_COLOR,https://thefrankieshop.com/products/loulou-studio-martial-off-shoulder-dress-black,O14E3O12O18,S,https://cdn.shopify.com/s/files/1/1527/0993/files/LOULOU-STUDIO-MARTIAL-OFF-SHOULDER-DRESS-BLACK-MARTYNA-66242_c7f37b8d-4f27-424b-8d44-de58753907f5.jpg?v=1717140282&width=1380,180 USD,126 USD
IRENE MAXI SKIRT,ONE_COLOR,https://thefrankieshop.com/products/irene-maxi-skirt-slate-green,O14E3O12O18,XS,https://cdn.shopify.com/s/files/1/1527/0993/files/IRENE-MAXI-SKIRT-SLATE-GREEN-8187_d5d60901-6571-4670-85c5-d51445334fab.jpg?v=1689161002&width=1380,145 USD,102 USD
MARJORIE ASYMMETRICAL TROUSERS,ONE_COLOR,https://thefrankieshop.com/products/marjorie-asymmetrical-trousers-beige,O14E3O12O18,N/A,https://cdn.shopify.com/s/files/1/1527/0993/files/MARJORIE-ASYMMETRICAL-TROUSERS-BEIGE-KOREA-2.jpg?v=1695825601&width=1380,185 USD,130 USD
MERIT FRONT SLIT PANTS,ONE_COLOR,https://thefrankieshop.com/products/merit-front-slit-pants-black,O14E3O12O18,"S, M, L",https://cdn.shopify.com/s/files/1/1527/0993/files/MERIT-FRONT-SLIP-PANTS-BLACK-SANTANA-20859.jpg?v=1716146852&width=1380,145 USD,102 USD
LOULOU STUDIO AALIS SKIRT,ONE_COLOR,https://thefrankieshop.com/products/loulou-studio-aalis-skirt-black,O14E3O12O18,"XS, S, M",https://cdn.shopify.com/s/files/1/1527/0993/files/LOULOU-STUDIO-AALIS-SKIRT-BLACK-INDRE-2021.jpg?v=1710145996&width=1380,255 USD,179 USD
THE GARMENT TANZANIA TEE,ONE_COLOR,https://thefrankieshop.com/products/the-garment-tanzania-tee-black,O14E3O12O18,"8UK/S, 10UK/M",https://cdn.shopify.com/s/files/1/1527/0993/files/THE-GARMENT-TANZANIA-TEE-BLACK-NATY-1618.jpg?v=1718178626&width=1380,195 USD,137 USD
PROENZA SCHOULER SOFT SQUARE SLIPPERS,ONE_COLOR,https://thefrankieshop.com/products/proenza-schouler-soft-square-slippers-black,O14E3O12O18,"36EU, 37EU, 38EU, 40EU",https://cdn.shopify.com/s/files/1/1527/0993/files/PROENZA-SCHOULER-SOFT-SQUARE-SLIPPERS-BLACK-PACKSHOT-1.jpg?v=1720187184&width=1380,685 USD,480 USD
LOULOU STUDIO TANIA SATIN SHOULDER BAG,ONE_COLOR,https://thefrankieshop.com/products/loulou-studio-tania-satin-shoulder-bag-black,O14E3O12O18,ONE SIZE,https://cdn.shopify.com/s/files/1/1527/0993/files/LOULOU-STUDIO-TANIA-SATIN-SHOULDER-BAG-BLACK-BRAND-04.jpg?v=1720081322&width=1380,665 USD,466 USD
LETTY MIDI PENCIL SKIRT,ONE_COLOR,https://thefrankieshop.com/products/letty-midi-pencil-skirt-black,O14E3O12O18,N/A,https://cdn.shopify.com/s/files/1/1527/0993/files/LETTY-MIDI-PENCIL-SKIRT-BLACK-CHEN-XUE-202466754_ca634eaa-063a-4997-aa37-23b8ff212c06.jpg?v=1712566054&width=1380,144 USD,101 USD
PROENZA SCHOULER GLOVE BALLET FLATS,ONE_COLOR,https://thefrankieshop.com/products/proenza-schouler-glove-ballet-flats-black,O14E3O12O18,"37EU, 38EU, 39EU, 40EU",https://cdn.shopify.com/s/files/1/1527/0993/files/PROENZA-SCHOULER-GLOVE-BALLET-FLATS-BLACK-PACKSHOT-1.jpg?v=1710146095&width=1380,550 USD,385 USD
ANNA OCTOBER KERRY MAXI SKIRT,ONE_COLOR,https://thefrankieshop.com/products/anna-october-kerry-maxi-skirt-black,O14E3O12O18,"S, M",https://cdn.shopify.com/s/files/1/1527/0993/files/ANNA-OCTOBER-KERRY-MAXI-SKIRT-BLACK-HELENA-49630.jpg?v=1702889403&width=1380,550 USD,385 USD
ANNA OCTOBER ELEANOR CROP TOP,ONE_COLOR,https://thefrankieshop.com/products/anna-october-eleanor-crop-top-black,O14E3O12O18,"S, M, L",https://cdn.shopify.com/s/files/1/1527/0993/files/ANNA-OCTOBER-ELEANOR-CROP-TOP-BLACK-EDITO.jpg?v=1717679866&width=1380,440 USD,308 USD
OPHELIA RIB TANK TOP,ONE_COLOR,https://thefrankieshop.com/products/ophelia-rib-tank-top-navy,O14E3O12O18,XL,https://cdn.shopify.com/s/files/1/1527/0993/files/OPHELIA-RIB-TANK-TOP-NAVY-DIPTI-7828.jpg?v=1711463476&width=1380,63 USD,45 USD
COPERNI MINI SWIPE BAG,ONE_COLOR,https://thefrankieshop.com/products/coperni-mini-swipe-bag-blue,O14E3O12O18,ONE SIZE,https://cdn.shopify.com/s/files/1/1527/0993/files/COPERNI-MINI-SWIPE-BAG-BLUE-TARA-46878.jpg?v=1708938005&width=1380,630 USD,441 USD
TERRIE BIKER SHORTS,ONE_COLOR,https://thefrankieshop.com/products/terrie-biker-shorts-black,O14E3O12O18,"S, M, L",https://cdn.shopify.com/s/files/1/1527/0993/files/TERRIE-BIKER-SHORTS-BLACK-XIAODAN-1850.jpg?v=1702289356&width=1380,59 USD,42 USD
3.1 PHILLIP LIM FLANNEL PLEATED WRAP SKIRT W D-RING,ONE_COLOR,https://thefrankieshop.com/products/3-1-phillip-lim-flannel-pleated-wrap-skirt-w-d-ring-midnight-khaki-stripe,O14E3O12O18,"2US, 4US, 6US, 8US",https://cdn.shopify.com/s/files/1/1527/0993/files/3-1-PHILLIP-LIM-FLANNEL-PLEATED-WRAPSKIRT-W-D-RING-MIDNIGHT-KHAKI-STRIPE-SHOT-26-XIAODAN-1070.jpg?v=1703010854&width=1380,595 USD,417 USD
BEA PLEATED SUIT PANTS,ONE_COLOR,https://thefrankieshop.com/products/bea-pleated-suit-pants-midnight-blue,O14E3O12O18,XS,https://cdn.shopify.com/s/files/1/1527/0993/products/bea-pleated-suit-pants-in-midnight-blue-pants-the-frankie-shop-952620.jpg?v=1639041946&width=1380,229 USD,104 USD
NADIA THIN PADDED SLEEVELESS TURTLENECK,ONE_COLOR,https://thefrankieshop.com/products/nadia-thin-padded-sleeveless-turtleneck-navy,O14E3O12O18,"XS, S, M, L",https://cdn.shopify.com/s/files/1/1527/0993/files/NADIA-THIN-PADDED-SLEEVELESS-TURTLENECK-NAVY-LUNA-32319.jpg?v=1718292545&width=1380,228 USD,112 USD
SIERRA WIDE LEG TROUSERS,ONE_COLOR,https://thefrankieshop.com/products/sierra-wide-leg-trousers-navy,O14E3O12O18,"S, M, L, XL",https://cdn.shopify.com/s/files/1/1527/0993/files/SIERRA-WIDE-LEG-TROUSERS-NAVY-ENIOLA-37422.jpg?v=1713941068&width=1380,249 USD,175 USD
SIERRA TEE,ONE_COLOR,https://thefrankieshop.com/products/sierra-tee-navy,O14E3O12O18,XS,https://cdn.shopify.com/s/files/1/1527/0993/files/SIERRA-TEE-NAVY-ENIOLA-37431.jpg?v=1713941117&width=1380,124 USD,87 USD
SASHA WIDE LEG JEANS,ONE_COLOR,https://thefrankieshop.com/products/sasha-wide-leg-jeans-navy-white-stripe,O14E3O12O18,"S, M, L, XL",https://cdn.shopify.com/s/files/1/1527/0993/files/SASHA-WIDE-LEG-JEANS-NAVY-WHITE-STRIPE-ANIPHA-202470641.jpg?v=1713261269&width=1380,199 USD,140 USD
MICKY CROPPED DENIM BOMBER,ONE_COLOR,https://thefrankieshop.com/products/micky-cropped-denim-bomber-raw-wash,O14E3O12O18,"S, M, L",https://cdn.shopify.com/s/files/1/1527/0993/files/MICKY-CROPPED-DENIM-BOMBER-RAW-WASH-ENIOLA-37029_1.jpg?v=1720171703&width=1380,291 USD,204 USD
NOLAN PLEATED DENIM TROUSERS,ONE_COLOR,https://thefrankieshop.com/products/nolan-pleated-denim-trousers-raw-wash,O14E3O12O18,"S, M, L",https://cdn.shopify.com/s/files/1/1527/0993/files/NOLAN-PLEATED-DENIM-TROUSERS-RAW-WASH-ENIOLA-37186.jpg?v=1713940291&width=1380,183 USD,129 USD
WREN DENIM ROMPER,ONE_COLOR,https://thefrankieshop.com/products/wren-denim-romper-raw-wash,O14E3O12O18,"S, M",https://cdn.shopify.com/s/files/1/1527/0993/files/WREN-DENIM-ROMPER-RAW-WASH-ENIOLA-36966.jpg?v=1714121429&width=1380,228 USD,160 USD
ROBYN BUTTON UP ROMPER,ONE_COLOR,https://thefrankieshop.com/products/robyn-button-up-romper-navy,O14E3O12O18,"S, M, L, XL",https://cdn.shopify.com/s/files/1/1527/0993/files/ROBYN-BUTTON-UP-ROMPER-NAVY-SANTANA-20349.jpg?v=1715722092&width=1380,195 USD,137 USD
MERIT FRONT SLIT PANTS,ONE_COLOR,https://thefrankieshop.com/products/merit-front-slit-pants-dark-navy,O14E3O12O18,"S, M, L, XL",https://cdn.shopify.com/s/files/1/1527/0993/files/MERIT-FRONT-SLIT-PANTS-DARK-NAVY-SANTANA-20838.jpg?v=1716146942&width=1380,145 USD,102 USD
BLAKE PLEATED TWILL MINI SKIRT,ONE_COLOR,https://thefrankieshop.com/products/blake-pleated-twill-mini-skirt-navy-white-pinstripe,O14E3O12O18,"S, M, L, XL",https://cdn.shopify.com/s/files/1/1527/0993/files/BLAKE-PLEATED-TWILL-MINI-SKIRT-NAVY-WHITE-PINSTRIPE-WILMARY-1575.jpg?v=1719849560&width=1380,189 USD,114 USD
AIDEN TWILL BLAZER,ONE_COLOR,https://thefrankieshop.com/products/aiden-twill-blazer-navy-white-pinstripe,O14E3O12O18,"XS, S, M",https://cdn.shopify.com/s/files/1/1527/0993/files/AIDEN-TWILL-BLAZER-NAVY-WHITE-PINSTRIPE-ENIOLA-38002.jpg?v=1711644913&width=1380,372 USD,224 USD
XAVIER BERMUDA DENIM SHORTS,ONE_COLOR,https://thefrankieshop.com/products/xavier-bermuda-denim-shorts-raw-wash,O14E3O12O18,"S, M, L",https://cdn.shopify.com/s/files/1/1527/0993/files/XAVIER-BERMUDA-DENIM-SHORTS-RAW-WASH-ENIOLA-37091.jpg?v=1713940541&width=1380,172 USD,121 USD
BLAKE PLEATED DENIM MINI SKIRT,ONE_COLOR,https://thefrankieshop.com/products/blake-pleated-denim-mini-skirt-raw-wash,O14E3O12O18,"XS, S, M, L, XL",https://cdn.shopify.com/s/files/1/1527/0993/files/BLAKE-PLEATED-DENIM-MINI-SKIRT-RAW-WASH-ENIOLA-38587.jpg?v=1713940757&width=1380,148 USD,104 USD
BONNIE CROC-EFFECT PANTS,ONE_COLOR,https://thefrankieshop.com/products/bonnie-croc-effect-pants-blue,O14E3O12O18,"S, M",https://cdn.shopify.com/s/files/1/1527/0993/files/BONNIE-CROC-EFFECT-PANTS-BLUE-SHOT-25-XIAODAN-1039.jpg?v=1702306026&width=1380,368 USD,221 USD
MARY CROC-EFFECT MINI SKIRT,ONE_COLOR,https://thefrankieshop.com/products/mary-croc-effect-mini-skirt-blue,O14E3O12O18,M,https://cdn.shopify.com/s/files/1/1527/0993/files/MARY-CROC-EFFECT-MINI-SKIRT-BLUE-CYNTHIA-39663.jpg?v=1698924056&width=1380,230 USD,91 USD
LUI ORGANIC COTTON BOXER SHORT,ONE_COLOR,https://thefrankieshop.com/products/lui-organic-cotton-boxer-short-navy,O14E3O12O18,XS,https://cdn.shopify.com/s/files/1/1527/0993/products/lui-cotton-boxer-short-navy-shorts-the-frankie-shop-438002.jpg?v=1685433088&width=1380,109 USD,77 USD
KATE DENIM MINI SHORTS,ONE_COLOR,https://thefrankieshop.com/products/kate-denim-mini-shorts-raw-wash,O14E3O12O18,"L, XL",https://cdn.shopify.com/s/files/1/1527/0993/files/KATE-DENIM-MINI-SHORTS-RAW-WASH-ENIOLA-37247.jpg?v=1719486154&width=1380,125 USD,88 USD
MATTEAU RELAXED PANT,ONE_COLOR,https://thefrankieshop.com/products/matteau-relaxed-pant-navy,O14E3O12O18,3AU/6US,https://cdn.shopify.com/s/files/1/1527/0993/files/MATTEAU-RELAXED-PANT-NAVY-BRAND-02.jpg?v=1703670556&width=1380,340 USD,204 USD
CHRISTOPHER ESBER SIDE COWL WAIST TEE,ONE_COLOR,https://thefrankieshop.com/products/christopher-esber-side-cowl-waist-tee-ink,O14E3O12O18,6AU/XS,https://cdn.shopify.com/s/files/1/1527/0993/files/CHRISTOPHER-ESBER-SIDE-COWL-L-SDRESS-INK-BRAND-03.jpg?v=1703697015&width=1380,395 USD,198 USD
CHRISTOPHER ESBER ILLUSIONS DRAPED MONO PANT,ONE_COLOR,https://thefrankieshop.com/products/christopher-esber-illusions-draped-mono-pant-ink,O14E3O12O18,"6AU/XS, 8AU/S",https://cdn.shopify.com/s/files/1/1527/0993/files/CHRISTOPHER-ESBER-ILLUSIONS-DRAPED-MONO-PANT-INK-BRAND-CROP-1.jpg?v=1703697621&width=1380,745 USD,373 USD
CHRISTOPHER ESBER SIDE COWL LONG SLEEVE DRESS,ONE_COLOR,https://thefrankieshop.com/products/christopher-esber-side-cowl-long-sleeve-dress-ink,O14E3O12O18,"6AU/XS, 8AU/S, 10AU/M",https://cdn.shopify.com/s/files/1/1527/0993/files/CHRISTOPHER-ESBER-SIDE-COWL-L-S-DRESS-INK-BRAND-02.jpg?v=1703696994&width=1380,845 USD,423 USD
ALTA PATCH POCKET BLAZER,ONE_COLOR,https://thefrankieshop.com/products/alta-patch-pocket-blazer-navy,O14E3O12O18,N/A,https://cdn.shopify.com/s/files/1/1527/0993/files/ALTA-PATCH-POCKET-BLAZER-NAVY-CHEN-XUE-202468708.jpg?v=1713514477&width=1380,279 USD,196 USD
BEAUFILLE VELA SKIRT,ONE_COLOR,https://thefrankieshop.com/products/beaufille-vela-skirt-butter,O14E3O12O18,"S, M",https://cdn.shopify.com/s/files/1/1527/0993/files/BEAUFILLE-VELA-SKIRT-BUTTER-ALIANE-53659.jpg?v=1709110236&width=1380,375 USD,188 USD
BEAUFILLE LENI BLOUSE,ONE_COLOR,https://thefrankieshop.com/products/beaufille-leni-blouse-butter,O14E3O12O18,S,https://cdn.shopify.com/s/files/1/1527/0993/files/BEAUFILLE-LENI-BLOUSE-BUTTER-ALIANE-53582.jpg?v=1709564246&width=1380,400 USD,200 USD
SPORTMAX DESERTO SKIRT,ONE_COLOR,https://thefrankieshop.com/products/sportmax-deserto-skirt-beige,O14E3O12O18,"2US/34EU, 4US/36EU",https://cdn.shopify.com/s/files/1/1527/0993/files/SPORTMAX-DESERTO-SKIRT-BEIGE-INDRE-0211.jpg?v=1716306922&width=1380,765 USD,536 USD
LIV DENIM JUMPSUIT,ONE_COLOR,https://thefrankieshop.com/products/liv-denim-jumpsuit-beige,O14E3O12O18,N/A,https://cdn.shopify.com/s/files/1/1527/0993/files/LIV-POCKET-JUMPSUIT-BEIGE-mawena-25mai18895.jpg?v=1687775856&width=1380,195 USD,110 USD
SEFA TUCK PANTS,ONE_COLOR,https://thefrankieshop.com/products/sefa-tuck-pants-beige,O14E3O12O18,"XS, S, M",https://cdn.shopify.com/s/files/1/1527/0993/products/SefaBlazer-Beige-SefaTuckPants-Beige-Svetlana-22Aug-1686_1.jpg?v=1666165832&width=1380,245 USD,138 USD
COPERNI HIGH-WAISTED BRIEFS,ONE_COLOR,https://thefrankieshop.com/products/coperni-high-waisted-briefs-beige,O14E3O12O18,38FR/6US,https://cdn.shopify.com/s/files/1/1527/0993/files/COPERNI-HIGH-WAISTED-BRIEFS-BEIGE.jpg?v=1684311257&width=1380,450 USD,270 USD
JW ANDERSON LARGE POPCORN BASKET,ONE_COLOR,https://thefrankieshop.com/products/jw-anderson-large-popcorn-basket-natural,O14E3O12O18,ONE SIZE,https://cdn.shopify.com/s/files/1/1527/0993/files/JW-ANDERSON-LARGE-POPCORN-BASKET-NATURAL-packshot-side.jpg?v=1692774470&width=1380,690 USD,332 USD
SPORTMAX ODISSEA TOP,ONE_COLOR,https://thefrankieshop.com/products/sportmax-odissea-top-beige,O14E3O12O18,"XS, S, M",https://cdn.shopify.com/s/files/1/1527/0993/files/SPORTMAX-ODISSEA-TOP-BEIGE-ALIANE-53849.jpg?v=1711527425&width=1380,565 USD,396 USD
JW ANDERSON PADDED CARGO MINI SKIRT,ONE_COLOR,https://thefrankieshop.com/products/jw-anderson-padded-cargo-mini-skirt-beige,O14E3O12O18,"6UK/XS, 8UK/S",https://cdn.shopify.com/s/files/1/1527/0993/files/JW-ANDERSON-PADDED-CARGO-MINI-SKIRT-BEIGE-ANIPHA-68831.jpg?v=1711527721&width=1380,550 USD,275 USD
SPORTMAX HOLIDAY TOP,ONE_COLOR,https://thefrankieshop.com/products/sportmax-holiday-top-beige,O14E3O12O18,"XS, S",https://cdn.shopify.com/s/files/1/1527/0993/files/SPORTMAX-HOLIDAY-TOP-BEIGE-INDRE-0169.jpg?v=1709315236&width=1380,795 USD,636 USD
SAYLOR 2-PIECE TRENCH COAT,ONE_COLOR,https://thefrankieshop.com/products/saylor-2-piece-trench-coat-beige,O14E3O12O18,M/L,https://cdn.shopify.com/s/files/1/1527/0993/files/SAYLOR-TRENCH-COAT-BEIGE-MANYA-42328.jpg?v=1709508104&width=1380,429 USD,301 USD
REGINA PLEATED TROUSERS,ONE_COLOR,https://thefrankieshop.com/products/regina-pleated-trousers-camel,O14E3O12O18,S,https://cdn.shopify.com/s/files/1/1527/0993/files/REGINA-PLEATED-TROUSERS-CAMEL-CYNTHIA-40938_d3ec3d9d-3740-4d11-948e-2d9acc25090c.jpg?v=1710847791&width=1380,167 USD,117 USD
REMAIN SEQUIN MAXI SKIRT,ONE_COLOR,https://thefrankieshop.com/products/remain-sequin-maxi-skirt-bog,O14E3O12O18,"34DK/2US, 38DK/6US, 40DK/8US",https://cdn.shopify.com/s/files/1/1527/0993/files/REMAIN-SEQUIN-MAXI-SKIRT-BOG-MARTYNA-66296.jpg?v=1715550108&width=1380,320 USD,224 USD
LUI OXFORD SHIRT,ONE_COLOR,https://thefrankieshop.com/products/lui-oxford-shirt-pale-yellow-black-stripe,O14E3O12O18,XL,https://cdn.shopify.com/s/files/1/1527/0993/files/LUI-OXFORD-SHIRT-PALE-YELLOW-BLACK-STRIPE-LOANE-12mai-16286_4.jpg?v=1686437552&width=1380,193 USD,116 USD
TOLKO PANTS,ONE_COLOR,https://thefrankieshop.com/products/tolko-pants-pale-yellow,O14E3O12O18,"S, M",https://cdn.shopify.com/s/files/1/1527/0993/products/tolko-pants-beige-pants-the-frankie-shop-259997.jpg?v=1671205269&width=1380,128 USD,90 USD
ANASTASIA TUBE TOP,ONE_COLOR,https://thefrankieshop.com/products/anastasia-tube-top-sage,O14E3O12O18,N/A,https://cdn.shopify.com/s/files/1/1527/0993/files/ANASTASIA-TUBE-TOP-SAGE-DIPTI-8355_714cbca5-4c26-40de-b632-08a463488cfe.jpg?v=1689158154&width=1380,99 USD,60 USD
ANASTASIA SLIT MIDI SKIRT,ONE_COLOR,https://thefrankieshop.com/products/anastasia-slit-midi-skirt-sage,O14E3O12O18,N/A,https://cdn.shopify.com/s/files/1/1527/0993/files/ANASTASIA-SLIT-MIDI-SKIRT-SAGE-DIPTI-8344_fadb6b96-478e-448f-b0b5-f58be306cfbb.jpg?v=1689156346&width=1380,169 USD,102 USD
BLAIR LINEN BLAZER,ONE_COLOR,https://thefrankieshop.com/products/blair-linen-blazer-beige,O14E3O12O18,M/L,https://cdn.shopify.com/s/files/1/1527/0993/files/BLAIR-LINEN-BEIGE-BLAZER-KOREA-6.jpg?v=1688987382&width=1380,443 USD,311 USD
COPERNI HYBRID DENIM TROUSERS,ONE_COLOR,https://thefrankieshop.com/products/coperni-hybrid-denim-trousers-black-beige,O14E3O12O18,36FR/4US,https://cdn.shopify.com/s/files/1/1527/0993/files/COPERNI-HYBRID-DENIM-TROUSERS-BLACK_BEIGE-Loane-12mai-15050_1_1.jpg?v=1684368245&width=1380,1150 USD,690 USD
GIA BORGHINI ADELE UGH STRAP SANDALS,ONE_COLOR,https://thefrankieshop.com/products/gia-borghini-adele-ugh-strap-sandals-almond,O14E3O12O18,"38 EU, 39 EU",https://cdn.shopify.com/s/files/1/1527/0993/files/GIABORGHINI-ADELE-UGH-ALMOND-BRAND-VISUAL.jpg?v=1696493755&width=1380,480 USD,288 USD
BY MALENE BIRGER BRYNN MAXI DRESS,ONE_COLOR,https://thefrankieshop.com/products/by-malene-birger-brynn-maxi-dress-black,O14E3O12O18,38EU/8US,https://cdn.shopify.com/s/files/1/1527/0993/products/ByMaleneBirgerBrynnMaxiDress-Black_1copie.jpg?v=1682864281&width=1380,650 USD,293 USD
BEVZA CROP-TOP WITH HUSTKA,ONE_COLOR,https://thefrankieshop.com/products/bevza-crop-top-with-hustka-black,O14E3O12O18,"M, L",https://cdn.shopify.com/s/files/1/1527/0993/files/BEVZA-crop-top-with-hustka-black--ALEYNA-SHOT20_1390_8d83b56f-a9bd-4565-aa1b-eed4b2ee6fa7.jpg?v=1686815171&width=1380,295 USD,107 USD
CHRISTOPHER ESBER MAGNETICA SKIRT,ONE_COLOR,https://thefrankieshop.com/products/christopher-esber-magnetica-skirt-black,O14E3O12O18,"6AU/XS, 8AU/S, 10AU/M",https://cdn.shopify.com/s/files/1/1527/0993/files/CHRISTOPHER-ESBER-MAGNETICA-SKIRT-BLACK-BRAND-1_722f47b2-da0a-4519-97b8-60e9bdfcaffe.jpg?v=1711639923&width=1380,595 USD,298 USD
MATIN SLEEVELESS BUTTON-UP DRESS,ONE_COLOR,https://thefrankieshop.com/products/matin-sleeveless-button-up-dress-black,O14E3O12O18,6AU/2US,https://cdn.shopify.com/s/files/1/1527/0993/products/matin-sleeveless-button-up-dress-black-dress-matin-993018.jpg?v=1658389917&width=1380,554 USD,240 USD
BY MALENE BIRGER AVILAS MAXI DRESS,ONE_COLOR,https://thefrankieshop.com/products/by-malene-birger-avilas-maxi-dress-black,O14E3O12O18,"34DK/2US, 36DK/4US, 38DK/6US",https://cdn.shopify.com/s/files/1/1527/0993/files/By-Malene-Birger-Avilas-Maxi-Dress-Black-Rim-8152.jpg?v=1687534901&width=1380,680 USD,306 USD
MATTEAU DEEP U TANK,ONE_COLOR,https://thefrankieshop.com/products/matteau-deep-u-tank-black,O14E3O12O18,N/A,https://cdn.shopify.com/s/files/1/1527/0993/files/Matteau-Deep-U-Tank-Black-MAWENA-25Mai-18353_4copie.jpg?v=1689869898&width=1380,240 USD,168 USD
MATTEAU A-LINE SKIRT,ONE_COLOR,https://thefrankieshop.com/products/matteau-a-line-skirt-black,O14E3O12O18,"1AU/2US, 2AU/4US, 3AU/6US",https://cdn.shopify.com/s/files/1/1527/0993/files/MATTEAU-A-LINE-SKIRT-BLACK-BRAND-01.jpg?v=1703606463&width=1380,490 USD,343 USD
MATTEAU CLASSIC CONTRAST STRIPE SHIRT,ONE_COLOR,https://thefrankieshop.com/products/matteau-classic-contrast-stripe-shirt-ink-stripe,O14E3O12O18,"2AU/4US, 3AU/6US",https://cdn.shopify.com/s/files/1/1527/0993/files/MATTEAU-CLASSIC-CONTRAST-STRIPE-SKIRT-INK-STRIPE-BRAND-01.jpg?v=1710323053&width=1380,490 USD,343 USD
PROENZA SCHOULER WHITE LABEL DENIM STANTON SLING,ONE_COLOR,https://thefrankieshop.com/products/proenza-schouler-white-label-denim-stanton-sling-indigo,O14E3O12O18,ONE SIZE,https://cdn.shopify.com/s/files/1/1527/0993/files/PROENZA-SCHOULER-WHITE-LABEL-STANTON-SLING-IN-DENIM-INDIGO-PACKSHOT.jpg?v=1709722322&width=1380,395 USD,277 USD
ABIGAIL SIDE SLIT MAXI SKIRT,ONE_COLOR,https://thefrankieshop.com/products/abigail-side-slit-maxi-skirt-navy,O14E3O12O18,"M, L",https://cdn.shopify.com/s/files/1/1527/0993/files/ABIGAIL-SIDE-SLIT-MAXI-SKIRT-NAVY-MARIE-28883.jpg?v=1717708380&width=1380,115 USD,69 USD
CHRIS POLO PADDED SHOULDERS MINI DRESS,ONE_COLOR,https://thefrankieshop.com/products/chris-polo-padded-shoulders-mini-dress-navy,O14E3O12O18,N/A,https://cdn.shopify.com/s/files/1/1527/0993/files/CHRIS-POLO-PADDED-SHOULDERS-MINI-DRESS-NAVY-LOANE-15724.jpg?v=1686066091&width=1380,160 USD,112 USD
SAMSØE SAMSØE ELLIE TOP,ONE_COLOR,https://thefrankieshop.com/products/samsoe-samsoe-ellie-top-nightshadow-blue,O14E3O12O18,"M, L",https://cdn.shopify.com/s/files/1/1527/0993/files/SAMSOE-FEMME-ELLIE-TOP-NIGHTSHADOW-BLUE-CHARLOTTE-14440.jpg?v=1683797752&width=1380,120 USD,58 USD
RÓHE FLUID PANELLED SKIRT,ONE_COLOR,https://thefrankieshop.com/products/rohe-fluid-panelled-skirt-steel,O14E3O12O18,34EU/2US,https://cdn.shopify.com/s/files/1/1527/0993/files/ROHE-WOMEN-Fluid-panelled-skirt-steel-124-9juin-MONICA-3468_1_0781c182-a59e-4499-9d3b-ee537a6cb403.jpg?v=1687301044&width=1380,390 USD,188 USD
PROENZA SCHOULER COOPER FLIP FLOPS,ONE_COLOR,https://thefrankieshop.com/products/proenza-schouler-cooper-flip-flops-black,O14E3O12O18,"36EU, 37EU, 38EU, 39EU, 40EU",https://cdn.shopify.com/s/files/1/1527/0993/files/PROENZA-SCHOULER-COOPER-FLIP-FLOPS-BLACK-PACKSHOT-1.jpg?v=1720170057&width=1380,450 USD,315 USD
KALINE WHITE PANTS,ONE_COLOR,https://thefrankieshop.com/products/kaline-white-pants-navy-stripe,O14E3O12O18,"S, L",https://cdn.shopify.com/s/files/1/1527/0993/files/KALINE-WHITE-PANTS-NAVY-STRIPE-MONICA-4feb-38254_1.jpg?v=1684748743&width=1380,135 USD,95 USD
JW ANDERSON ANCHOR TALL TOTE,ONE_COLOR,https://thefrankieshop.com/products/jw-anderson-anchor-tall-tote-natural-black,O14E3O12O18,ONE SIZE,https://cdn.shopify.com/s/files/1/1527/0993/files/JW-ANDERSON-ANCHOR-TALL-TOTE-NATURAL-BLACK-PACKSHOT.jpg?v=1705593959&width=1380,650 USD,325 USD
3.1 PHILLIP LIM STRIPED DRAPED T-SHIRT SLIP COMBO DRESS,ONE_COLOR,https://thefrankieshop.com/products/3-1-phillip-lim-striped-draped-t-shirt-slip-combo-dress-white-multi-stripe,O14E3O12O18,"XS, M",https://cdn.shopify.com/s/files/1/1527/0993/files/3.1-PHILLIP-LIMSTRIPED-DRAPED-T-SHIRT-SLIP-COMBO-DRESS-WHITE-MULTI-STRIPE-MARGARITA-61512.jpg?v=1710863764&width=1380,595 USD,357 USD
TILLA BOATNECK TOP,ONE_COLOR,https://thefrankieshop.com/products/tilla-boatneck-top-black-stripe,O14E3O12O18,M/L,https://cdn.shopify.com/s/files/1/1527/0993/files/Tilla-Boatneck-Top-Black-Stripe-6.jpg?v=1683133217&width=1380,110 USD,54 USD
MAEVE PINTUCK TROUSERS,ONE_COLOR,https://thefrankieshop.com/products/maeve-pintuck-trousers-cream,O14E3O12O18,S,https://cdn.shopify.com/s/files/1/1527/0993/files/MAEVE-PINTUCK-TROUSERS-CREAM-LOANE-12mai-16726_4_b414e70a-3a40-4c3b-9539-48330f709c82.jpg?v=1699627641&width=1380,155 USD,93 USD
CORINNE BELTED PANTS,ONE_COLOR,https://thefrankieshop.com/products/corinne-belted-pants-cream,O14E3O12O18,"M, L",https://cdn.shopify.com/s/files/1/1527/0993/files/CORINNE-BELTED-PANTS-CREAM-ANIPHA-202469115.jpg?v=1712155235&width=1380,208 USD,125 USD
BEVZA 'BEVZA' CROP TOP,ONE_COLOR,https://thefrankieshop.com/products/bevza-bevza-crop-top-white,O14E3O12O18,L,https://cdn.shopify.com/s/files/1/1527/0993/files/BEVZA-BEVZA-crop-top-white-Monica-9juin-3185_4.jpg?v=1687277412&width=1380,105 USD,51 USD
COPERNI KNOTTED SLEEVES JUMPER,ONE_COLOR,https://thefrankieshop.com/products/coperni-knotted-sleeves-jumper-white,O14E3O12O18,"S, M",https://cdn.shopify.com/s/files/1/1527/0993/files/COPERNI-KNOTTED-SLEEVES-JUMPER-WHITE-SANTANA-20595.jpg?v=1715079794&width=1380,720 USD,504 USD
SOLAQUA THE LEON PANTS,ONE_COLOR,https://thefrankieshop.com/products/solaqua-the-leon-pants-ivory,O14E3O12O18,S,https://cdn.shopify.com/s/files/1/1527/0993/files/SOLAQUA-THE-LEON-PANTS-IVORY-MARGARITA-61629.jpg?v=1711448988&width=1380,214 USD,150 USD
CARLEY LONG SKIRT,ONE_COLOR,https://thefrankieshop.com/products/carley-long-skirt-cream,O14E3O12O18,M,https://cdn.shopify.com/s/files/1/1527/0993/files/CARLEY-LONG-SKIRT-CREAM-SANTANA-20149.jpg?v=1695591977&width=1380,190 USD,133 USD
JW ANDERSON ANCHOR STRETCH TOTE,ONE_COLOR,https://thefrankieshop.com/products/jw-anderson-anchor-stretch-tote-natural-black,O14E3O12O18,ONE SIZE,https://cdn.shopify.com/s/files/1/1527/0993/files/JW-ANDERSON-ANCHOR-STRETCH-TOTE-NATURAL-BLACK-PACKSHOT.jpg?v=1705878155&width=1380,650 USD,325 USD
JW ANDERSON CROPPED ANCHOR JUMPER,ONE_COLOR,https://thefrankieshop.com/products/jw-anderson-cropped-anchor-jumper-black-white,O14E3O12O18,M,https://cdn.shopify.com/s/files/1/1527/0993/files/JW-ANDERSON-CROPPED-ANCHOR-JUMPER-BLACK-WHITE-HELENA-49105.jpg?v=1705878085&width=1380,650 USD,325 USD
PROENZA SCHOULER WHITE LABEL HAZEL PANTS,ONE_COLOR,https://thefrankieshop.com/products/proenza-schouler-white-label-hazel-pants-black,O14E3O12O18,"S, M",https://cdn.shopify.com/s/files/1/1527/0993/files/PROENZA-SCHOULER-HALEL-PANTS-LUNA-29986.jpg?v=1699366789&width=1380,495 USD,297 USD
3.1 PHILLIP LIM ARGYLE JACQUARD SLEEVELESS MINI DRESS,ONE_COLOR,https://thefrankieshop.com/products/3-1-phillip-lim-argyle-jacquard-sleeveless-mini-dress-black-multi,O14E3O12O18,S,https://cdn.shopify.com/s/files/1/1527/0993/files/Phillip-Lim-Argyle-Jacquard-Sleeveless-Mini-Dress-Black-Multi-HANNAH-13483.jpg?v=1690297607&width=1380,495 USD,159 USD
LILLY PLEATED TROUSERS,ONE_COLOR,https://thefrankieshop.com/products/lilly-pleated-trousers-black,O14E3O12O18,L,https://cdn.shopify.com/s/files/1/1527/0993/files/LILLY-PLEATED-TROUSERS-BLACK-JULIA-23754.jpg?v=1697038985&width=1380,195 USD,137 USD
SAYLOR 2-PIECE TRENCH COAT,ONE_COLOR,https://thefrankieshop.com/products/saylor-2-piece-trench-coat-black,O14E3O12O18,"XS/S, M/L",https://cdn.shopify.com/s/files/1/1527/0993/files/SAYLOR-2-PIECE-TRENCH-COAT-BLACK-CYNTHIA-40758.jpg?v=1710923427&width=1380,429 USD,301 USD
TILLA BOATNECK TOP,ONE_COLOR,https://thefrankieshop.com/products/tilla-boatneck-top-white-stripe,O14E3O12O18,"XS/S, M/L",https://cdn.shopify.com/s/files/1/1527/0993/files/TILLA-BOATNECK-TOP-WHITE-STRIPE-KRISTIN-13jan-32507_4.jpg?v=1683133351&width=1380,110 USD,54 USD
JADE KNIT BRALETTE,ONE_COLOR,https://thefrankieshop.com/products/jade-knit-bralette-white-stripe,O14E3O12O18,"S, L",https://cdn.shopify.com/s/files/1/1527/0993/files/JADE-KNIT-BRALETTE-WHITE-STRIPE-MONICA-2797.jpg?v=1686918404&width=1380,79 USD,45 USD
LOULOU STUDIO ALMA CROCHET PANTS,ONE_COLOR,https://thefrankieshop.com/products/loulou-studio-alma-crochet-pants-black,O14E3O12O18,"XS, S",https://cdn.shopify.com/s/files/1/1527/0993/products/LOULOU-STUDIO-ALMA-CROCHET-PANTS-BLACK-ANIA-ANIA-40669_12e05b53-c25e-4ad0-ad6e-67782b5419d2.jpg?v=1682200789&width=1380,495 USD,199 USD
COPERNI SEQUIN CROCHET DRESS,ONE_COLOR,https://thefrankieshop.com/products/coperni-sequin-crochet-dress-black,O14E3O12O18,"S, M",https://cdn.shopify.com/s/files/1/1527/0993/files/COPERNI-SEQUIN-CROCHET-DRESS-BLACK-16916.jpg?v=1686710700&width=1380,710 USD,308 USD
PROENZA SCHOULER FORMA SANDALS,ONE_COLOR,https://thefrankieshop.com/products/proenza-schouler-forma-sandals-black,O14E3O12O18,36 IT,https://cdn.shopify.com/s/files/1/1527/0993/products/SHOES-PROENZA-SCHOULER-Forma-Sandals-BLACK-19008474_43242118_1320.jpg?v=1682330716&width=1380,575 USD,231 USD
